{"stats":{"minecraft:mined":{"minecraft:candle":1,"minecraft:granite":25,"minecraft:grass_block":29,"minecraft:magma_block":3,"minecraft:iron_ore":17,"minecraft:andesite":18,"minecraft:packed_ice":4,"minecraft:stone":77,"minecraft:podzol":1,"minecraft:gray_terracotta":2,"minecraft:oak_slab":1,"minecraft:blackstone":5,"minecraft:basalt":26,"minecraft:powder_snow":2,"minecraft:oak_fence":1,"minecraft:clay":4,"minecraft:torch":18,"minecraft:calcite":18,"minecraft:melon":1,"minecraft:chest":8,"minecraft:nether_quartz_ore":5,"minecraft:copper_ore":20,"minecraft:cobblestone":3161,"minecraft:oak_planks":1,"minecraft:diorite":16,"minecraft:amethyst_block":22,"minecraft:white_terracotta":8,"minecraft:birch_planks":1,"minecraft:birch_log":5,"minecraft:blue_ice":1,"minecraft:spruce_log":2,"minecraft:oak_log":12,"minecraft:coal_ore":13,"minecraft:gravel":19,"minecraft:dirt":28,"minecraft:smooth_basalt":6,"minecraft:terracotta":5,"minecraft:netherrack":3,"minecraft:oak_leaves":7,"minecraft:suspicious_gravel":7},"minecraft:picked_up":{"minecraft:music_disc_strad":1,"minecraft:wheat":1,"minecraft:chicken":1,"minecraft:clay_ball":28,"minecraft:brown_mushroom":1,"minecraft:wooden_pickaxe":1,"minecraft:cooked_rabbit":2,"minecraft:amethyst_block":15,"minecraft:music_disc_cat":1,"minecraft:raw_copper":87,"minecraft:blackstone":6,"minecraft:shroomlight":1,"minecraft:red_sand":1,"minecraft:candle":1,"minecraft:beef":3,"minecraft:calcite":21,"minecraft:iron_pickaxe":4,"minecraft:melon_slice":41,"minecraft:chest":8,"minecraft:egg":119,"minecraft:raw_iron":10,"minecraft:sheaf_pottery_sherd":5,"minecraft:music_disc_blocks":1,"minecraft:oak_fence":1,"minecraft:torch":27,"minecraft:music_disc_11":2,"minecraft:diorite":18,"minecraft:bamboo_block":1,"minecraft:rotten_flesh":4,"minecraft:music_disc_ward":1,"minecraft:white_terracotta":13,"minecraft:music_disc_wait":4,"minecraft:mutton":2,"minecraft:snowball":4,"minecraft:cobblestone":2799,"minecraft:birch_log":2,"minecraft:basalt":24,"minecraft:muddy_mangrove_roots":1,"minecraft:magma_block":4,"minecraft:mud_bricks":1,"minecraft:feather":16,"minecraft:cooked_beef":3,"minecraft:andesite":16,"minecraft:leather":17,"minecraft:birch_planks":1,"minecraft:packed_mud":1,"minecraft:flint":7,"minecraft:oak_log":21,"minecraft:dirt":43,"minecraft:apple":2,"minecraft:gray_terracotta":8,"minecraft:wheat_seeds":6,"minecraft:rabbit_hide":4,"minecraft:stone_pickaxe":24,"minecraft:music_disc_far":1,"minecraft:cooked_chicken":68,"minecraft:rabbit":1,"minecraft:moss_block":3,"minecraft:oak_planks":1,"minecraft:milk_bucket":1,"minecraft:smooth_basalt":1,"minecraft:music_disc_13":2,"minecraft:sweet_berries":27,"minecraft:quartz":5,"minecraft:gravel":17,"minecraft:spruce_log":3,"minecraft:spider_eye":3,"minecraft:granite":23,"minecraft:bread":6,"minecraft:terracotta":3,"minecraft:netherrack":2,"minecraft:coal":11},"minecraft:used":{"minecraft:oak_fence":1,"minecraft:music_disc_far":1,"minecraft:stone_sword":6,"minecraft:wooden_shovel":20,"minecraft:cooked_chicken":18,"minecraft:netherrack":2,"minecraft:torch":17,"minecraft:jungle_planks":1,"minecraft:tuff":32,"minecraft:music_disc_11":1,"minecraft:music_disc_13":1,"minecraft:music_disc_mellohi":1,"minecraft:iron_axe":6,"minecraft:music_disc_ward":1,"minecraft:music_disc_wait":4,"minecraft:basalt":13,"minecraft:magma_block":3,"minecraft:sweet_berries":3,"minecraft:egg":134,"minecraft:cooked_beef":6,"minecraft:water_bucket":105,"minecraft:birch_planks":1,"minecraft:stone_pickaxe":2905,"minecraft:oak_planks":1,"minecraft:wooden_pickaxe":29,"minecraft:music_disc_strad":1,"minecraft:apple":3,"minecraft:bread":3,"minecraft:chicken":1,"minecraft:melon_slice":25,"minecraft:iron_pickaxe":675,"minecraft:music_disc_blocks":1,"minecraft:cobblestone":18,"minecraft:cooked_porkchop":1,"minecraft:bucket":105,"minecraft:andesite":17,"minecraft:jukebox":1,"minecraft:candle":1},"minecraft:custom":{"minecraft:interact_with_smithing_table":2,"minecraft:mob_kills":8,"minecraft:interact_with_anvil":1,"minecraft:animals_bred":3,"minecraft:interact_with_crafting_table":10,"minecraft:leave_game":5,"minecraft:time_since_death":1076,"minecraft:climb_one_cm":4762,"minecraft:sprint_one_cm":308257,"minecraft:walk_one_cm":567666,"minecraft:drop":32,"minecraft:talked_to_villager":24,"minecraft:play_time":430179,"minecraft:deaths":7,"minecraft:sneak_time":2434,"minecraft:walk_under_water_one_cm":14619,"minecraft:jump":2983,"minecraft:walk_on_water_one_cm":69982,"minecraft:total_world_time":430179,"minecraft:interact_with_furnace":18,"minecraft:play_record":11,"minecraft:time_since_rest":1181,"minecraft:damage_taken":3793,"minecraft:damage_dealt":1437,"minecraft:swim_one_cm":4001,"minecraft:fly_one_cm":325614,"minecraft:open_chest":433,"minecraft:crouch_one_cm":6196,"minecraft:fall_one_cm":59344,"minecraft:horse_one_cm":5954},"minecraft:dropped":{"minecraft:wheat_seeds":1,"minecraft:oak_log":13,"minecraft:cobblestone":1111,"minecraft:iron_pickaxe":2,"minecraft:bone":3,"minecraft:stone_pickaxe":4},"minecraft:killed":{"minecraft:chicken":2,"minecraft:llama":1,"minecraft:magma_cube":1,"minecraft:rabbit":2,"minecraft:zombie":1,"minecraft:mooshroom":1},"minecraft:broken":{"minecraft:stone_pickaxe":23,"minecraft:iron_pickaxe":3},"minecraft:crafted":{"minecraft:oak_planks":6,"minecraft:jukebox":1,"minecraft:stone_pickaxe":7,"minecraft:golden_helmet":1,"minecraft:cooked_beef":3,"minecraft:cooked_porkchop":1,"minecraft:spruce_planks":12,"minecraft:birch_planks":36,"minecraft:bread":10,"minecraft:jungle_planks":80,"minecraft:air":0,"minecraft:stick":14,"minecraft:iron_pickaxe":1,"minecraft:iron_ingot":2}},"DataVersion":3700}