{"stats":{"minecraft:custom":{"minecraft:interact_with_crafting_table":565,"minecraft:leave_game":26,"minecraft:time_since_death":149362,"minecraft:damage_blocked_by_shield":2596,"minecraft:play_time":2537826,"minecraft:deaths":36,"minecraft:jump":26775,"minecraft:interact_with_furnace":486,"minecraft:play_record":10,"minecraft:traded_with_villager":429,"minecraft:sleep_in_bed":12,"minecraft:damage_dealt":150997,"minecraft:interact_with_smithing_table":9,"minecraft:use_cauldron":41,"minecraft:horse_one_cm":46720,"minecraft:inspect_dropper":7,"minecraft:interact_with_anvil":16,"minecraft:sneak_time":211243,"minecraft:total_world_time":2537826,"minecraft:interact_with_stonecutter":1,"minecraft:time_since_rest":132401,"minecraft:swim_one_cm":267,"minecraft:fly_one_cm":5025359,"minecraft:open_chest":5665,"minecraft:fall_one_cm":376594,"minecraft:animals_bred":610,"minecraft:sprint_one_cm":3302919,"minecraft:drop":1506,"minecraft:talked_to_villager":1483,"minecraft:interact_with_brewingstand":3,"minecraft:walk_on_water_one_cm":23449,"minecraft:interact_with_loom":6,"minecraft:player_kills":19,"minecraft:crouch_one_cm":908403,"minecraft:mob_kills":1440,"minecraft:damage_dealt_resisted":1010,"minecraft:climb_one_cm":45748,"minecraft:walk_one_cm":4911976,"minecraft:raid_win":1,"minecraft:walk_under_water_one_cm":21679,"minecraft:boat_one_cm":31949,"minecraft:raid_trigger":1,"minecraft:damage_absorbed":200,"minecraft:damage_taken":30426},"minecraft:mined":{"minecraft:white_bed":17,"minecraft:black_terracotta":21,"minecraft:cherry_log":82,"minecraft:jungle_leaves":3,"minecraft:red_nether_bricks":10,"minecraft:obsidian":17,"minecraft:carved_pumpkin":10,"minecraft:granite":57,"minecraft:acacia_log":16,"minecraft:red_sand":74,"minecraft:jungle_log":25,"minecraft:oak_pressure_plate":2,"minecraft:deepslate_bricks":154,"minecraft:bamboo_block":46,"minecraft:tube_coral_block":4,"minecraft:hopper":1,"minecraft:chiseled_stone_bricks":44,"minecraft:magma_block":2,"minecraft:cobbled_deepslate":33,"minecraft:fire":15,"minecraft:pumpkin":146,"minecraft:deepslate_lapis_ore":74,"minecraft:fletching_table":3,"minecraft:sculk_shrieker":21,"minecraft:small_amethyst_bud":1,"minecraft:crimson_nylium":25,"minecraft:powder_snow":14,"minecraft:torch":50,"minecraft:melon":50,"minecraft:glass":16,"minecraft:bamboo_mosaic":34,"minecraft:sugar_cane":28,"minecraft:amethyst_block":222,"minecraft:birch_sapling":1,"minecraft:white_terracotta":33,"minecraft:cherry_fence":5,"minecraft:verdant_froglight":8,"minecraft:mud":67,"minecraft:wheat":1211,"minecraft:pumpkin_stem":6,"minecraft:oak_fence_gate":2,"minecraft:smooth_quartz":70,"minecraft:mangrove_log":11,"minecraft:smooth_basalt":37,"minecraft:red_mushroom_block":17,"minecraft:deepslate":307,"minecraft:suspicious_gravel":51,"minecraft:yellow_terracotta":21,"minecraft:attached_pumpkin_stem":2,"minecraft:deepslate_tiles":48,"minecraft:dark_prismarine":43,"minecraft:mossy_cobblestone":49,"minecraft:dark_oak_log":27,"minecraft:jack_o_lantern":5,"minecraft:sea_lantern":22,"minecraft:end_stone":210,"minecraft:nether_bricks":19,"minecraft:spruce_fence":2,"minecraft:cherry_wood":10,"minecraft:moss_block":192,"minecraft:redstone_ore":50,"minecraft:packed_mud":32,"minecraft:red_sandstone":38,"minecraft:snow":477,"minecraft:suspicious_sand":19,"minecraft:andesite":66,"minecraft:green_terracotta":9,"minecraft:cobblestone_slab":157,"minecraft:bamboo":116,"minecraft:bone_block":33,"minecraft:fire_coral_block":7,"minecraft:white_wool":3,"minecraft:smithing_table":2,"minecraft:oak_slab":218,"minecraft:soul_sand":19,"minecraft:light_gray_concrete_powder":1,"minecraft:emerald_ore":53,"minecraft:sponge":12,"minecraft:dropper":1,"minecraft:copper_ore":167,"minecraft:purpur_pillar":94,"minecraft:dried_kelp_block":4,"minecraft:deepslate_gold_ore":56,"minecraft:cracked_deepslate_bricks":21,"minecraft:diorite":83,"minecraft:warped_wart_block":16,"minecraft:pearlescent_froglight":2,"minecraft:red_terracotta":9,"minecraft:cobblestone_wall":1,"minecraft:white_carpet":12,"minecraft:spruce_log":22,"minecraft:quartz_pillar":42,"minecraft:mycelium":102,"minecraft:gravel":116,"minecraft:dripstone_block":93,"minecraft:brown_terracotta":19,"minecraft:stone_bricks":54,"minecraft:gold_ore":75,"minecraft:deepslate_emerald_ore":32,"minecraft:attached_melon_stem":1,"minecraft:oak_sapling":1,"minecraft:brewing_stand":1,"minecraft:budding_amethyst":68,"minecraft:grass_block":373,"minecraft:dead_tube_coral_block":1,"minecraft:soul_soil":6,"minecraft:mud_bricks":29,"minecraft:gilded_blackstone":10,"minecraft:raw_iron_block":18,"minecraft:glowstone":5,"minecraft:sculk_catalyst":26,"minecraft:iron_ore":143,"minecraft:anvil":3,"minecraft:pointed_dripstone":32,"minecraft:end_stone_bricks":158,"minecraft:brain_coral_block":13,"minecraft:spruce_slab":30,"minecraft:deepslate_redstone_ore":25,"minecraft:gray_terracotta":7,"minecraft:quartz_block":126,"minecraft:cyan_terracotta":9,"minecraft:blackstone":29,"minecraft:orange_terracotta":18,"minecraft:chiseled_quartz_block":66,"minecraft:clay":78,"minecraft:light_gray_terracotta":29,"minecraft:calcite":178,"minecraft:chest":118,"minecraft:mushroom_stem":13,"minecraft:nether_quartz_ore":6,"minecraft:cobblestone":5826,"minecraft:honeycomb_block":18,"minecraft:prismarine":61,"minecraft:oak_planks":36,"minecraft:wall_torch":4,"minecraft:deepslate_copper_ore":110,"minecraft:light_blue_terracotta":16,"minecraft:warped_nylium":6,"minecraft:powered_rail":3,"minecraft:blue_terracotta":7,"minecraft:dark_oak_slab":50,"minecraft:nether_wart_block":10,"minecraft:birch_log":41,"minecraft:blue_ice":8,"minecraft:lava_cauldron":4,"minecraft:purpur_block":141,"minecraft:cracked_deepslate_tiles":19,"minecraft:oak_log":2494,"minecraft:lime_terracotta":4,"minecraft:sand":124,"minecraft:dirt":372,"minecraft:raw_copper_block":32,"minecraft:netherrack":45,"minecraft:oak_leaves":267,"minecraft:horn_coral_block":3,"minecraft:nether_gold_ore":10,"minecraft:diamond_ore":37,"minecraft:crying_obsidian":2,"minecraft:tuff":79,"minecraft:candle":1,"minecraft:deepslate_diamond_ore":32,"minecraft:mangrove_roots":8,"minecraft:chiseled_bookshelf":34,"minecraft:purple_terracotta":20,"minecraft:calibrated_sculk_sensor":35,"minecraft:brown_mushroom_block":27,"minecraft:birch_slab":82,"minecraft:sandstone":64,"minecraft:rooted_dirt":21,"minecraft:hay_block":9,"minecraft:oak_trapdoor":25,"minecraft:furnace":1,"minecraft:carrots":74,"minecraft:raw_gold_block":23,"minecraft:chiseled_deepslate":54,"minecraft:detector_rail":2,"minecraft:dead_horn_coral_block":4,"minecraft:bookshelf":3,"minecraft:shroomlight":11,"minecraft:deepslate_iron_ore":90,"minecraft:packed_ice":19,"minecraft:stone":257,"minecraft:pink_terracotta":43,"minecraft:podzol":35,"minecraft:scaffolding":1,"minecraft:snow_block":72,"minecraft:basalt":3,"minecraft:oak_fence":60,"minecraft:crafting_table":9,"minecraft:honey_block":8,"minecraft:sculk_sensor":53,"minecraft:lectern":459,"minecraft:deepslate_coal_ore":110,"minecraft:lapis_ore":56,"minecraft:sculk":103,"minecraft:prismarine_bricks":56,"minecraft:beehive":10,"minecraft:magenta_terracotta":20,"minecraft:sweet_berry_bush":10,"minecraft:ice":2,"minecraft:bee_nest":6,"minecraft:muddy_mangrove_roots":8,"minecraft:dead_brain_coral_block":2,"minecraft:coal_ore":117,"minecraft:ochre_froglight":5,"minecraft:cherry_leaves":13,"minecraft:cracked_stone_bricks":56,"minecraft:terracotta":29,"minecraft:mossy_stone_bricks":85},"minecraft:crafted":{"minecraft:smooth_stone":3,"minecraft:oak_sign":6,"minecraft:blaze_powder":4,"minecraft:oak_pressure_plate":1,"minecraft:birch_slab":78,"minecraft:loom":1,"minecraft:lever":2,"minecraft:diamond_shovel":1,"minecraft:bookshelf":8,"minecraft:cooked_mutton":284,"minecraft:shulker_box":1,"minecraft:glass":64,"minecraft:stone_pressure_plate":1,"minecraft:cooked_rabbit":9,"minecraft:wooden_shovel":2,"minecraft:emerald":879,"minecraft:cooked_porkchop":53,"minecraft:diamond_axe":1,"minecraft:jungle_boat":2,"minecraft:smithing_table":1,"minecraft:copper_ingot":64,"minecraft:fletching_table":1,"minecraft:lectern":5,"minecraft:iron_pickaxe":14,"minecraft:iron_block":44,"minecraft:gold_ingot":453,"minecraft:netherite_ingot":2,"minecraft:stone_shovel":3,"minecraft:bone_meal":108,"minecraft:white_carpet":18,"minecraft:detector_rail":6,"minecraft:spruce_slab":18,"minecraft:stone_pickaxe":49,"minecraft:spruce_boat":1,"minecraft:redstone_block":46,"minecraft:dark_oak_planks":232,"minecraft:golden_helmet":1,"minecraft:wheat":99,"minecraft:coal_block":17,"minecraft:enchanted_book":16,"minecraft:jungle_slab":6,"minecraft:birch_trapdoor":8,"minecraft:wooden_axe":2,"minecraft:iron_shovel":7,"minecraft:white_bed":15,"minecraft:oak_planks":8409,"minecraft:cobblestone_slab":3984,"minecraft:cooked_chicken":477,"minecraft:stone":16,"minecraft:hopper":1,"minecraft:bow":3,"minecraft:chest":2,"minecraft:oak_button":1,"minecraft:copper_block":7,"minecraft:netherite_upgrade_smithing_template":6,"minecraft:stone_hoe":3,"minecraft:oak_fence":27,"minecraft:cherry_fence":42,"minecraft:dropper":1,"minecraft:oak_slab":5699,"minecraft:arrow":90,"minecraft:cauldron":9,"minecraft:crafting_table":6,"minecraft:spruce_planks":124,"minecraft:wooden_pickaxe":1,"minecraft:gold_block":48,"minecraft:brewing_stand":1,"minecraft:birch_planks":120,"minecraft:dark_oak_slab":24,"minecraft:book":16,"minecraft:paper":60,"minecraft:shield":3,"minecraft:diamond_pickaxe":3,"minecraft:emerald_block":55,"minecraft:stick":11429,"minecraft:iron_ingot":671,"minecraft:snow_block":93,"minecraft:shears":2,"minecraft:cherry_planks":92,"minecraft:raw_iron":171,"minecraft:furnace":1,"minecraft:dark_oak_trapdoor":4,"minecraft:raw_copper_block":174,"minecraft:diamond_block":9,"minecraft:oak_trapdoor":14,"minecraft:flint_and_steel":1,"minecraft:scaffolding":36,"minecraft:iron_axe":10,"minecraft:netherite_scrap":8,"minecraft:minecart":2,"minecraft:cherry_fence_gate":1,"minecraft:cooked_beef":4,"minecraft:diamond_sword":1,"minecraft:powered_rail":6,"minecraft:iron_sword":5,"minecraft:mangrove_planks":136,"minecraft:bucket":12,"minecraft:stone_axe":13,"minecraft:air":0,"minecraft:bread":188,"minecraft:jungle_planks":44,"minecraft:cut_copper":4,"minecraft:oak_boat":3,"minecraft:raw_gold":207,"minecraft:anvil":1,"minecraft:acacia_planks":72,"minecraft:torch":484,"minecraft:clay":19,"minecraft:lapis_block":161},"minecraft:used":{"minecraft:writable_book":1,"minecraft:spruce_slab":40,"minecraft:chest":49,"minecraft:snowball":91,"minecraft:spruce_boat":3,"minecraft:lava_bucket":18,"minecraft:grass_block":20,"minecraft:birch_sapling":1,"minecraft:dark_oak_slab":68,"minecraft:bow":150,"minecraft:sweet_berries":62,"minecraft:oak_sapling":645,"minecraft:furnace":2,"minecraft:egg":958,"minecraft:mossy_stone_bricks":4,"minecraft:bamboo_mosaic":1,"minecraft:powered_rail":9,"minecraft:leather_chestplate":1,"minecraft:wooden_pickaxe":9,"minecraft:jungle_boat":2,"minecraft:golden_apple":5,"minecraft:dark_oak_trapdoor":4,"minecraft:sand":5,"minecraft:pumpkin_seeds":18,"minecraft:lightning_rod":4,"minecraft:birch_slab":95,"minecraft:lectern":464,"minecraft:oak_pressure_plate":3,"minecraft:diamond_sword":59,"minecraft:smithing_table":3,"minecraft:ice":1,"minecraft:oak_boat":11,"minecraft:oak_trapdoor":36,"minecraft:carved_pumpkin":3,"minecraft:mycelium":54,"minecraft:torch":424,"minecraft:brewing_stand":1,"minecraft:anvil":4,"minecraft:oak_fence_gate":5,"minecraft:music_disc_mellohi":7,"minecraft:rooted_dirt":1,"minecraft:iron_axe":2286,"minecraft:iron_block":12,"minecraft:cherry_fence_gate":1,"minecraft:melon_seeds":3,"minecraft:bamboo":25,"minecraft:goat_horn":21,"minecraft:cherry_fence":47,"minecraft:pointed_dripstone":27,"minecraft:calcite":1,"minecraft:wheat_seeds":1306,"minecraft:water_bucket":84,"minecraft:cauldron":13,"minecraft:fletching_table":4,"minecraft:deepslate_bricks":5,"minecraft:cracked_stone_bricks":3,"minecraft:rail":8,"minecraft:crafting_table":11,"minecraft:white_bed":30,"minecraft:oak_slab":5784,"minecraft:oak_log":34,"minecraft:diamond_pickaxe":599,"minecraft:diamond_shovel":98,"minecraft:iron_pickaxe":3057,"minecraft:cobblestone":350,"minecraft:cooked_porkchop":3,"minecraft:candle":8,"minecraft:red_sand":2,"minecraft:iron_shovel":1360,"minecraft:diamond_hoe":1,"minecraft:oak_sign":5,"minecraft:shield":137,"minecraft:white_terracotta":36,"minecraft:iron_sword":930,"minecraft:green_terracotta":2,"minecraft:carrot":78,"minecraft:music_disc_13":3,"minecraft:obsidian":10,"minecraft:milk_bucket":4,"minecraft:glass":28,"minecraft:stone_bricks":6,"minecraft:birch_trapdoor":8,"minecraft:scaffolding":40,"minecraft:dropper":2,"minecraft:stone_pickaxe":3478,"minecraft:oak_planks":37,"minecraft:sandstone":1,"minecraft:chainmail_helmet":3,"minecraft:diamond_axe":540,"minecraft:white_wool":3,"minecraft:loom":1,"minecraft:dripstone_block":23,"minecraft:shears":8,"minecraft:black_terracotta":3,"minecraft:lever":1,"minecraft:melon_slice":130,"minecraft:bread":10,"minecraft:cooked_rabbit":5,"minecraft:bone_meal":97,"minecraft:oak_fence":60,"minecraft:netherite_sword":667,"minecraft:trident":1,"minecraft:flint_and_steel":5,"minecraft:stone_shovel":96,"minecraft:redstone":2,"minecraft:wooden_shovel":153,"minecraft:stone_hoe":316,"minecraft:cooked_chicken":279,"minecraft:dirt":707,"minecraft:spyglass":34,"minecraft:white_carpet":21,"minecraft:hopper":11,"minecraft:cobblestone_wall":1,"minecraft:granite":1,"minecraft:spruce_fence":2,"minecraft:iron_hoe":17,"minecraft:wooden_axe":102,"minecraft:bookshelf":3,"minecraft:golden_carrot":3,"minecraft:netherite_pickaxe":4770,"minecraft:minecart":7,"minecraft:cooked_beef":1,"minecraft:pumpkin":9,"minecraft:cooked_mutton":67,"minecraft:cobblestone_slab":3972,"minecraft:gray_terracotta":1,"minecraft:apple":2,"minecraft:netherite_axe":955,"minecraft:detector_rail":2,"minecraft:stone_axe":1391,"minecraft:bucket":141},"minecraft:dropped":{"minecraft:iron_sword":4,"minecraft:lapis_lazuli":62,"minecraft:cooked_beef":1,"minecraft:glow_ink_sac":16,"minecraft:glass_bottle":1,"minecraft:diamond":15,"minecraft:spore_blossom":2,"minecraft:crafting_table":1,"minecraft:cooked_porkchop":17,"minecraft:crossbow":1,"minecraft:rooted_dirt":20,"minecraft:archer_pottery_sherd":4,"minecraft:rail":3,"minecraft:leather_helmet":1,"minecraft:red_mushroom":2,"minecraft:emerald":16,"minecraft:gold_block":2,"minecraft:packed_mud":3,"minecraft:dirt":280,"minecraft:gold_nugget":3,"minecraft:writable_book":7,"minecraft:wooden_sword":1,"minecraft:bone_meal":7,"minecraft:bone_block":1,"minecraft:sand":31,"minecraft:sugar":2,"minecraft:iron_pickaxe":4,"minecraft:white_wool":41,"minecraft:bone":33,"minecraft:stone_axe":3,"minecraft:cooked_chicken":243,"minecraft:cobbled_deepslate":34,"minecraft:birch_sapling":2,"minecraft:wheat":44,"minecraft:rotten_flesh":21,"minecraft:oak_planks":451,"minecraft:music_disc_far":1,"minecraft:white_bed":1,"minecraft:dead_fire_coral_block":1,"minecraft:salmon":3,"minecraft:tipped_arrow":3,"minecraft:jungle_log":2,"minecraft:heart_pottery_sherd":4,"minecraft:end_stone_bricks":39,"minecraft:glass":2,"minecraft:beef":2,"minecraft:cherry_fence":4,"minecraft:egg":229,"minecraft:iron_ingot":9,"minecraft:wolf_spawn_egg":1,"minecraft:wheat_seeds":727,"minecraft:dripstone_block":1,"minecraft:book":6,"minecraft:oak_fence":3,"minecraft:yellow_terracotta":7,"minecraft:feather":97,"minecraft:cobblestone":3904,"minecraft:prismarine_crystals":18,"minecraft:apple":16,"minecraft:granite":6,"minecraft:explorer_pottery_sherd":1,"minecraft:bamboo_block":8,"minecraft:chainmail_helmet":1,"minecraft:coal":59,"minecraft:dried_kelp_block":2,"minecraft:golden_carrot":3,"minecraft:ink_sac":4,"minecraft:wooden_axe":1,"minecraft:rabbit":7,"minecraft:brown_terracotta":2,"minecraft:stripped_birch_log":2,"minecraft:pumpkin":19,"minecraft:mud":4,"minecraft:angler_pottery_sherd":10,"minecraft:iron_shovel":1,"minecraft:string":4,"minecraft:lily_pad":5,"minecraft:spruce_sapling":3,"minecraft:moss_carpet":4,"minecraft:green_terracotta":12,"minecraft:stone_sword":1,"minecraft:cobblestone_wall":18,"minecraft:stone_shovel":4,"minecraft:chicken":10,"minecraft:white_carpet":2,"minecraft:clay_ball":56,"minecraft:white_terracotta":3,"minecraft:glow_lichen":5,"minecraft:budding_amethyst":1,"minecraft:nether_bricks":4,"minecraft:pumpkin_seeds":67,"minecraft:big_dripleaf":1,"minecraft:cobblestone_slab":64,"minecraft:diamond_pickaxe":3,"minecraft:wooden_shovel":6,"minecraft:carved_pumpkin":1,"minecraft:bamboo":84,"minecraft:sandstone":6,"minecraft:red_sand":6,"minecraft:bow":4,"minecraft:dark_prismarine":1,"minecraft:cooked_rabbit":4,"minecraft:terracotta":6,"minecraft:soul_sand":1,"minecraft:moss_block":45,"minecraft:birch_planks":68,"minecraft:oak_log":237,"minecraft:birch_slab":5,"minecraft:cod":1,"minecraft:flint":1,"minecraft:cobblestone_stairs":31,"minecraft:cyan_terracotta":1,"minecraft:dark_oak_log":6,"minecraft:mutton":1,"minecraft:snowball":195,"minecraft:axolotl_bucket":2,"minecraft:birch_log":2,"minecraft:gold_ingot":10,"minecraft:honeycomb_block":7,"minecraft:gravel":11,"minecraft:pink_terracotta":12,"minecraft:blackstone":6,"minecraft:music_disc_otherside":1,"minecraft:pointed_dripstone":1,"minecraft:cherry_sapling":2,"minecraft:prismarine":16,"minecraft:cooked_mutton":36,"minecraft:carrot":4,"minecraft:poppy":3,"minecraft:trident":1,"minecraft:gunpowder":12,"minecraft:blade_pottery_sherd":1,"minecraft:melon_seeds":7,"minecraft:chest":32,"minecraft:arrow":56,"minecraft:prismarine_bricks":3,"minecraft:scaffolding":1,"minecraft:netherrack":4,"minecraft:water_bucket":5,"minecraft:stone_hoe":3,"minecraft:bread":9,"minecraft:oak_slab":164,"minecraft:cherry_log":5,"minecraft:mossy_cobblestone":6,"minecraft:minecart":1,"minecraft:prismarine_shard":6,"minecraft:lead":4,"minecraft:amethyst_block":25,"minecraft:frogspawn":2,"minecraft:copper_ingot":1,"minecraft:tropical_fish":17,"minecraft:grass_block":1,"minecraft:stick":4049,"minecraft:milk_bucket":1,"minecraft:diorite":9,"minecraft:torch":45,"minecraft:melon_slice":84,"minecraft:flowering_azalea":2,"minecraft:iron_axe":3,"minecraft:raw_iron_block":1,"minecraft:cactus":3,"minecraft:bucket":3,"minecraft:redstone":10,"minecraft:sweet_berries":317,"minecraft:oak_trapdoor":4,"minecraft:raw_copper":127,"minecraft:tuff":11,"minecraft:raw_iron":16,"minecraft:iron_hoe":1,"minecraft:andesite":26,"minecraft:oak_boat":3,"minecraft:oak_sapling":127,"minecraft:spruce_log":4,"minecraft:raw_gold":21,"minecraft:stone_pickaxe":39,"minecraft:wooden_pickaxe":2,"minecraft:music_disc_mellohi":1,"minecraft:dead_brain_coral_block":2,"minecraft:calcite":15,"minecraft:amethyst_cluster":2},"minecraft:killed_by":{"minecraft:magma_cube":1,"minecraft:vex":5,"minecraft:stray":1,"minecraft:slime":1,"minecraft:warden":12,"minecraft:evoker":1,"minecraft:elder_guardian":1,"minecraft:player":10,"minecraft:skeleton":1},"minecraft:broken":{"minecraft:golden_boots":2,"minecraft:wooden_shovel":2,"minecraft:iron_sword":2,"minecraft:chainmail_helmet":3,"minecraft:stone_hoe":1,"minecraft:iron_axe":9,"minecraft:iron_pickaxe":10,"minecraft:iron_helmet":4,"minecraft:golden_helmet":2,"minecraft:iron_shovel":7,"minecraft:stone_pickaxe":25,"minecraft:stone_axe":13,"minecraft:wooden_axe":1,"minecraft:leather_chestplate":2},"minecraft:killed":{"minecraft:cave_spider":21,"minecraft:shulker":5,"minecraft:skeleton":58,"minecraft:guardian":5,"minecraft:fox":4,"minecraft:chicken":487,"minecraft:skeleton_horse":37,"minecraft:tropical_fish":1,"minecraft:magma_cube":51,"minecraft:salmon":1,"minecraft:pillager":17,"minecraft:zombie":27,"minecraft:glow_squid":2,"minecraft:cow":2,"minecraft:evoker":5,"minecraft:endermite":65,"minecraft:vindicator":8,"minecraft:zoglin":3,"minecraft:warden":6,"minecraft:husk":15,"minecraft:sniffer":5,"minecraft:rabbit":6,"minecraft:wandering_trader":8,"minecraft:frog":4,"minecraft:ravager":1,"minecraft:polar_bear":2,"minecraft:enderman":7,"minecraft:zombified_piglin":1,"minecraft:witch":10,"minecraft:spider":25,"minecraft:bee":4,"minecraft:silverfish":26,"minecraft:turtle":3,"minecraft:camel":1,"minecraft:wolf":2,"minecraft:pig":32,"minecraft:zombie_villager":4,"minecraft:creeper":18,"minecraft:sheep":187,"minecraft:trader_llama":7,"minecraft:mooshroom":2,"minecraft:stray":6,"minecraft:blaze":3,"minecraft:vex":10,"minecraft:slime":206,"minecraft:phantom":10,"minecraft:drowned":6,"minecraft:hoglin":1},"minecraft:picked_up":{"minecraft:seagrass":7,"minecraft:anvil":3,"minecraft:prismarine_shard":12,"minecraft:smithing_table":2,"minecraft:lead":19,"minecraft:enchanted_book":8,"minecraft:brewing_stand":1,"minecraft:amethyst_block":224,"minecraft:string":68,"minecraft:wayfinder_armor_trim_smithing_template":1,"minecraft:soul_soil":1,"minecraft:explorer_pottery_sherd":1,"minecraft:red_nether_bricks":2,"minecraft:shroomlight":7,"minecraft:gold_nugget":87,"minecraft:cobbled_deepslate":310,"minecraft:spruce_planks":4,"minecraft:enchanted_golden_apple":1,"minecraft:melon_slice":457,"minecraft:mangrove_log":11,"minecraft:golden_helmet":2,"minecraft:beehive":7,"minecraft:sheaf_pottery_sherd":8,"minecraft:music_disc_blocks":1,"minecraft:big_dripleaf":6,"minecraft:purpur_pillar":92,"minecraft:acacia_log":12,"minecraft:lightning_rod":1,"minecraft:honeycomb_block":18,"minecraft:cherry_log":85,"minecraft:pink_terracotta":53,"minecraft:rabbit_foot":1,"minecraft:green_terracotta":17,"minecraft:cauldron":4,"minecraft:zombie_spawn_egg":1,"minecraft:bamboo_block":44,"minecraft:stone_sword":2,"minecraft:honey_bottle":11,"minecraft:horn_coral_fan":2,"minecraft:tropical_fish":21,"minecraft:red_tulip":4,"minecraft:iron_block":2,"minecraft:carved_pumpkin":9,"minecraft:cyan_terracotta":4,"minecraft:wolf_spawn_egg":1,"minecraft:end_rod":2,"minecraft:white_terracotta":40,"minecraft:ravager_spawn_egg":1,"minecraft:blaze_rod":2,"minecraft:host_armor_trim_smithing_template":1,"minecraft:snowball":650,"minecraft:sponge":12,"minecraft:birch_log":38,"minecraft:magma_block":5,"minecraft:feather":576,"minecraft:cooked_beef":1,"minecraft:birch_slab":73,"minecraft:water_bucket":14,"minecraft:jungle_log":25,"minecraft:flint":14,"minecraft:cherry_fence":9,"minecraft:magenta_terracotta":20,"minecraft:disc_fragment_5":3,"minecraft:light_gray_concrete_powder":1,"minecraft:gray_terracotta":1,"minecraft:rabbit":22,"minecraft:glowstone_dust":92,"minecraft:moss_block":242,"minecraft:pitcher_pod":1,"minecraft:honeycomb":4,"minecraft:glow_lichen":6,"minecraft:strider_spawn_egg":1,"minecraft:warped_wart_block":4,"minecraft:dropper":1,"minecraft:ink_sac":18,"minecraft:fermented_spider_eye":23,"minecraft:dark_oak_log":34,"minecraft:red_terracotta":10,"minecraft:iron_hoe":3,"minecraft:snout_armor_trim_smithing_template":1,"minecraft:blue_terracotta":6,"minecraft:angler_pottery_sherd":18,"minecraft:writable_book":11,"minecraft:dead_brain_coral_block":16,"minecraft:granite":58,"minecraft:chainmail_helmet":16,"minecraft:bread":48,"minecraft:rooted_dirt":36,"minecraft:jack_o_lantern":5,"minecraft:plenty_pottery_sherd":5,"minecraft:diamond_pickaxe":9,"minecraft:crafting_table":12,"minecraft:mud":66,"minecraft:shelter_pottery_sherd":5,"minecraft:bubble_coral_fan":1,"minecraft:nether_wart":2,"minecraft:clay_ball":272,"minecraft:purpur_block":114,"minecraft:dead_horn_coral_block":7,"minecraft:flint_and_steel":2,"minecraft:white_carpet":13,"minecraft:iron_shovel":12,"minecraft:cracked_stone_bricks":71,"minecraft:netherite_sword":21,"minecraft:music_disc_otherside":2,"minecraft:beef":12,"minecraft:spruce_slab":29,"minecraft:jungle_sapling":4,"minecraft:poppy":6,"minecraft:minecart":9,"minecraft:chest":162,"minecraft:birch_sapling":7,"minecraft:raw_copper_block":29,"minecraft:egg":1371,"minecraft:sandstone":46,"minecraft:stone":1,"minecraft:raw_gold_block":28,"minecraft:music_disc_mellohi":10,"minecraft:amethyst_cluster":1,"minecraft:spruce_fence":2,"minecraft:fire_charge":2,"minecraft:skull_pottery_sherd":8,"minecraft:carrot":296,"minecraft:redstone":510,"minecraft:netherite_pickaxe":9,"minecraft:prismarine_crystals":60,"minecraft:stone_shovel":5,"minecraft:beetroot_seeds":12,"minecraft:tube_coral_fan":1,"minecraft:shears":1,"minecraft:deepslate_bricks":138,"minecraft:hay_block":5,"minecraft:cracked_deepslate_bricks":21,"minecraft:yellow_terracotta":22,"minecraft:gold_ingot":10,"minecraft:totem_of_undying":12,"minecraft:glow_berries":4,"minecraft:mutton":290,"minecraft:white_wool":417,"minecraft:bone_block":54,"minecraft:rail":8,"minecraft:mud_bricks":20,"minecraft:yellow_dye":5,"minecraft:red_mushroom":20,"minecraft:ochre_froglight":36,"minecraft:torchflower":3,"minecraft:packed_mud":32,"minecraft:oak_log":2506,"minecraft:lily_pad":12,"minecraft:ancient_debris":1,"minecraft:golden_boots":11,"minecraft:paper":2,"minecraft:white_banner":4,"minecraft:apple":156,"minecraft:stone_bricks":76,"minecraft:kelp":2,"minecraft:creeper_spawn_egg":1,"minecraft:spore_blossom":2,"minecraft:music_disc_far":3,"minecraft:oak_fence_gate":5,"minecraft:stone_pickaxe":19,"minecraft:cobweb":3,"minecraft:blade_pottery_sherd":6,"minecraft:glass_bottle":3,"minecraft:iron_sword":14,"minecraft:flowering_azalea":6,"minecraft:smooth_basalt":23,"minecraft:dark_oak_slab":70,"minecraft:sweet_berries":735,"minecraft:spyglass":11,"minecraft:torchflower_seeds":2,"minecraft:gravel":133,"minecraft:dead_fire_coral_block":10,"minecraft:spruce_sapling":2,"minecraft:spruce_log":19,"minecraft:crying_obsidian":2,"minecraft:archer_pottery_sherd":4,"minecraft:leather_helmet":1,"minecraft:diamond_shovel":7,"minecraft:husk_spawn_egg":1,"minecraft:slime_ball":164,"minecraft:snort_pottery_sherd":5,"minecraft:stone_axe":8,"minecraft:short_grass":2,"minecraft:oak_button":1,"minecraft:melon_seeds":7,"minecraft:mangrove_propagule":2,"minecraft:goat_spawn_egg":1,"minecraft:hopper":10,"minecraft:ender_pearl":2,"minecraft:shulker_shell":2,"minecraft:chiseled_deepslate":50,"minecraft:wheat":1177,"minecraft:gilded_blackstone":4,"minecraft:dead_tube_coral_block":5,"minecraft:raw_copper":1455,"minecraft:netherite_ingot":1,"minecraft:zombie_head":1,"minecraft:deepslate_tiles":31,"minecraft:red_sand":60,"minecraft:bucket":4,"minecraft:white_tulip":2,"minecraft:cobblestone_slab":344,"minecraft:calcite":180,"minecraft:wooden_shovel":4,"minecraft:smooth_quartz":73,"minecraft:iron_pickaxe":12,"minecraft:furnace":1,"minecraft:tipped_arrow":3,"minecraft:stick":3685,"minecraft:brown_terracotta":16,"minecraft:oak_fence":66,"minecraft:torch":135,"minecraft:porkchop":63,"minecraft:pointed_dripstone":54,"minecraft:diorite":92,"minecraft:goat_horn":7,"minecraft:quartz_block":133,"minecraft:rotten_flesh":57,"minecraft:mangrove_roots":5,"minecraft:fire_coral_fan":1,"minecraft:obsidian":17,"minecraft:cod":3,"minecraft:cobblestone":7189,"minecraft:pink_petals":3,"minecraft:muddy_mangrove_roots":3,"minecraft:leather_chestplate":2,"minecraft:lilac":2,"minecraft:magma_cream":7,"minecraft:cherry_planks":3,"minecraft:andesite":142,"minecraft:chiseled_quartz_block":66,"minecraft:magenta_dye":4,"minecraft:tuff":76,"minecraft:prismarine_bricks":54,"minecraft:lapis_lazuli":1247,"minecraft:dirt":1178,"minecraft:stripped_birch_log":4,"minecraft:glass":1,"minecraft:bone":182,"minecraft:bow":17,"minecraft:wheat_seeds":3598,"minecraft:orange_tulip":3,"minecraft:raw_gold":170,"minecraft:netherite_axe":9,"minecraft:mossy_stone_bricks":93,"minecraft:fletching_table":3,"minecraft:bamboo":1126,"minecraft:powered_rail":4,"minecraft:prismarine":70,"minecraft:oak_planks":578,"minecraft:stone_hoe":13,"minecraft:black_terracotta":29,"minecraft:cooked_porkchop":38,"minecraft:music_disc_13":2,"minecraft:oak_pressure_plate":2,"minecraft:sand":98,"minecraft:dead_bush":4,"minecraft:grass_block":20,"minecraft:mossy_cobblestone":41,"minecraft:dark_prismarine":58,"minecraft:light_gray_terracotta":37,"minecraft:sugar":2,"minecraft:light_blue_terracotta":16,"minecraft:diamond":107,"minecraft:spruce_boat":3,"minecraft:cherry_wood":10,"minecraft:crossbow":2,"minecraft:bone_meal":6,"minecraft:golden_apple":17,"minecraft:emerald":140,"minecraft:oak_sapling":1107,"minecraft:netherrack":62,"minecraft:chorus_fruit":5,"minecraft:end_stone_bricks":195,"minecraft:lingering_potion":2,"minecraft:chicken":485,"minecraft:brown_mushroom":8,"minecraft:wooden_pickaxe":1,"minecraft:diamond_horse_armor":1,"minecraft:shield":27,"minecraft:dragon_breath":1,"minecraft:oak_trapdoor":29,"minecraft:moss_carpet":4,"minecraft:iron_axe":11,"minecraft:vex_spawn_egg":2,"minecraft:mycelium":72,"minecraft:blue_orchid":4,"minecraft:blackstone":21,"minecraft:candle":5,"minecraft:detector_rail":2,"minecraft:oak_boat":16,"minecraft:lectern":459,"minecraft:sugar_cane":61,"minecraft:phantom_membrane":4,"minecraft:dark_oak_sapling":2,"minecraft:raw_iron":334,"minecraft:orange_dye":5,"minecraft:end_stone":210,"minecraft:music_disc_relic":1,"minecraft:copper_ingot":4,"minecraft:quartz_pillar":39,"minecraft:trident":5,"minecraft:brown_dye":5,"minecraft:purple_terracotta":20,"minecraft:arrow":388,"minecraft:nether_bricks":80,"minecraft:saddle":1,"minecraft:glistering_melon_slice":7,"minecraft:cracked_deepslate_tiles":19,"minecraft:jungle_boat":2,"minecraft:basalt":3,"minecraft:golden_carrot":11,"minecraft:glow_ink_sac":25,"minecraft:salmon":2,"minecraft:leather":17,"minecraft:birch_planks":103,"minecraft:crimson_fungus":1,"minecraft:cobblestone_wall":19,"minecraft:nether_wart_block":6,"minecraft:gunpowder":26,"minecraft:cobblestone_stairs":31,"minecraft:heart_pottery_sherd":12,"minecraft:orange_terracotta":15,"minecraft:cooked_mutton":33,"minecraft:pearlescent_froglight":2,"minecraft:red_sandstone":32,"minecraft:rabbit_hide":3,"minecraft:iron_ingot":102,"minecraft:cooked_chicken":712,"minecraft:frogspawn":5,"minecraft:verdant_froglight":9,"minecraft:acacia_sapling":1,"minecraft:soul_sand":18,"minecraft:green_dye":5,"minecraft:book":30,"minecraft:sculk_catalyst":8,"minecraft:scaffolding":10,"minecraft:oak_slab":894,"minecraft:warped_fungus":2,"minecraft:pitcher_plant":1,"minecraft:pumpkin":155,"minecraft:chiseled_stone_bricks":45,"minecraft:budding_amethyst":2,"minecraft:quartz":12,"minecraft:dandelion":3,"minecraft:raw_iron_block":18,"minecraft:dripstone_block":66,"minecraft:amethyst_shard":1,"minecraft:white_bed":17,"minecraft:spider_eye":18,"minecraft:bamboo_mosaic":31,"minecraft:pumpkin_seeds":79,"minecraft:dried_kelp_block":6,"minecraft:honey_block":8,"minecraft:dead_bubble_coral_block":2,"minecraft:iron_helmet":5,"minecraft:cherry_sapling":7,"minecraft:terracotta":26,"minecraft:coal":405}},"DataVersion":3700}